{"train/loss": 4.5971, "train/grad_norm": 12.884870529174805, "train/learning_rate": 0.0, "train/epoch": 1.0, "train/global_step": 233, "_timestamp": 1714284281.5887308, "_runtime": 931.7146317958832, "_step": 235, "eval/loss": 3.353569746017456, "eval/runtime": 59.6509, "eval/samples_per_second": 7.795, "eval/steps_per_second": 0.989, "train_runtime": 847.731, "train_samples_per_second": 2.191, "train_steps_per_second": 0.275, "total_flos": 40423258718208.0, "train_loss": 3.7218768432928258, "tiny_generations": {"_type": "table-file", "sha256": "afc3f9ae455b8354038101979f52ebbdcffb09977ffbd9d1ddedd1eb86d29aa9", "size": 1277, "artifact_path": "wandb-client-artifact://oa59fcabxymat82jmj07rj3408l5uhq3fk88z6yi034djhqehc0o8376shuvq9ehlaaqv8rbihtbbb05t8i825mi41hn1r6vi40ac72kpgerys8cygoizvkzdwa3elgl:latest/tiny_generations.table.json", "_latest_artifact_path": "wandb-client-artifact://oa59fcabxymat82jmj07rj3408l5uhq3fk88z6yi034djhqehc0o8376shuvq9ehlaaqv8rbihtbbb05t8i825mi41hn1r6vi40ac72kpgerys8cygoizvkzdwa3elgl:latest/tiny_generations.table.json", "path": "media/table/tiny_generations_235_afc3f9ae455b83540381.table.json", "ncols": 2, "nrows": 3}, "_wandb": {"runtime": 855}}